first_name,last_name,email,phone
Daniela,Grossman,daniela.grossman@example.com,415-555-1212
Daniel,Gamboa,daniel.gamboa@example.com,415-555-1212
Drew,Kitch,drew.kitch@example.com,415-555-1212
Claire,Pierce,claire.pierce@example.com,415-555-1212
Brian,Lee,brian.lee@example.com,415-555-1212
David,Ragone,david.ragone@example.com,415-555-1212
Amy,Lai,amy.lai@example.com,415-555-1212
Amiram,Kehaty,amiram.kehaty@example.com,415-555-1212